<?xml version="1.0" encoding="UTF-8" ?>
<!DOCTYPE mapper
        PUBLIC "-//mybatis.org//DTD Mapper 3.0//EN"
        "http://mybatis.org/dtd/mybatis-3-mapper.dtd">
<mapper namespace="com.example.demo.menuMapper.MenuMapper">

        <select id="checkLogin" resultType="int">
SELECT COUNT(username) from ma WHERE username=#{username} AND password=#{pwd}
</select>

	<select id="getAllMenuList"
		resultType="com.example.demo.addmenu.Addmenu">
		SELECT * FROM menucard
	</select>
	<!-- <update id="addmenu"> UPDATE addmenucard SET amount = #{amount} WHERE 
		id = #{id} </update> -->
	<insert id="addmenu">
		INSERT INTO addmenucard (id, commodity, price,amount)
		VALUES (#{id}, #{commodity},
		#{price},#{amount})
	</insert>

	<select id="getAllAddMenuList"
		resultType="com.example.demo.addmenu.AddMenuModel">
		SELECT * FROM addmenucard where amount > 0
	</select>
	<select id="getSum" resultType="java.lang.Integer">
		SELECT SUM(price * amount) FROM addmenucard 
	</select>
	
	<delete id="deladdmenu">
	DELETE FROM addmenucard *
	</delete>

</mapper>